{"Step_150": {"type": "StepProtocol", "stimuli": {"step": {"delay": 70.0, "amp": 0.14541002774224876, "duration": 200.0, "totduration": 300.0}, "holding": {"delay": 0.0, "amp": -0.1029173609686687, "duration": 300.0, "totduration": 300.0}}}}