{
    "c_pre": {
        "(111376, 1171)": 0.07364363209790377,
        "(111376, 1172)": 0.05361645282004955,
        "(111376, 1173)": 0.07975179415617975
    },
    "c_post": {
        "(111376, 1171)": 0.013295142576189271,
        "(111376, 1172)": 0.0001637064560573375,
        "(111376, 1173)": 0.0002510561326282331
    }
}