{
    "c_pre": {
        "(23043, 128)": 0.03196593146669763,
        "(23043, 129)": 0.027807203660475465,
        "(23043, 130)": 0.19742503411445012,
        "(23043, 131)": 0.326799766149974,
        "(23043, 132)": 0.02719356164027633,
        "(23043, 133)": 0.04243870037751907,
        "(23043, 134)": 0.022903650336559528,
        "(23043, 135)": 0.01912750644363345,
        "(23043, 136)": 0.015552893108487386,
        "(23043, 137)": 0.08622093526152494,
        "(23043, 138)": 0.15247854195054042,
        "(23043, 139)": 0.10615772367278752,
        "(23043, 140)": 0.029564361303466454,
        "(23043, 141)": 0.03438857703325967,
        "(23043, 142)": 0.027899187630474637,
        "(23043, 143)": 0.04062771980724934,
        "(23043, 144)": 0.08203347471664964,
        "(23043, 145)": 0.01866734008886084,
        "(23043, 146)": 0.02756283199044077,
        "(23043, 147)": 0.03214573336191969,
        "(23043, 148)": 0.02519971000109987
    },
    "c_post": {
        "(23043, 128)": 0.0004361819549976759,
        "(23043, 129)": 0.0002891879632797696,
        "(23043, 130)": 3.731941273866062e-05,
        "(23043, 131)": 3.875726590257604e-05,
        "(23043, 132)": 4.577893658461124e-05,
        "(23043, 133)": 0.0004199539330950228,
        "(23043, 134)": 0.0002306250688670409,
        "(23043, 135)": 0.00316976304365985,
        "(23043, 136)": 0.00014602900699350378,
        "(23043, 137)": 3.505077011869128e-05,
        "(23043, 138)": 2.1910543705443913e-05,
        "(23043, 139)": 3.7258230358449284e-05,
        "(23043, 140)": 4.2420465062742e-05,
        "(23043, 141)": 4.061831136627121e-05,
        "(23043, 142)": 2.5537658531061804e-05,
        "(23043, 143)": 0.0042621160127360655,
        "(23043, 144)": 0.058222997438470855,
        "(23043, 145)": 0.00038793196156948777,
        "(23043, 146)": 0.00043162122621099534,
        "(23043, 147)": 0.0003403086555845129,
        "(23043, 148)": 4.105205383088065e-05
    }
}