{
    "(23043, 128)": {
        "Use0_TM": 0.3236144658184057,
        "Dep_TM": 588.4023768564929,
        "Fac_TM": 15.902981159449265,
        "Nrrp_TM": 1.0,
        "gmax0_AMPA": 0.3132069050999667,
        "volume_CR": 0.018514608841366458,
        "rho0_GB": 1,
        "Use_d_TM": 0.003549274863709569,
        "Use_p_TM": 0.3236144658184057,
        "gmax_d_AMPA": 0.15660345254998334,
        "gmax_p_AMPA": 0.3132069050999667,
        "gmax_NMDA": 0.12528276203998667,
        "loc": "basal"
    },
    "(23043, 129)": {
        "Use0_TM": 0.531648794699336,
        "Dep_TM": 669.9059497952062,
        "Fac_TM": 11.520579727835159,
        "Nrrp_TM": 1.0,
        "gmax0_AMPA": 0.9487356141313167,
        "volume_CR": 0.06445764928628746,
        "rho0_GB": 1,
        "Use_d_TM": 0.04247409832966071,
        "Use_p_TM": 0.531648794699336,
        "gmax_d_AMPA": 0.47436780706565834,
        "gmax_p_AMPA": 0.9487356141313167,
        "gmax_NMDA": 0.3794942456525267,
        "loc": "basal"
    },
    "(23043, 130)": {
        "Use0_TM": 0.22858402789272764,
        "Dep_TM": 659.0151382600839,
        "Fac_TM": 6.842709907275529e-09,
        "Nrrp_TM": 1.0,
        "gmax0_AMPA": 0.30653370050026985,
        "volume_CR": 0.021408628106599995,
        "rho0_GB": 0,
        "Use_d_TM": 0.22858402789272764,
        "Use_p_TM": 0.7444048195250392,
        "gmax_d_AMPA": 0.30653370050026985,
        "gmax_p_AMPA": 0.6130674010005397,
        "gmax_NMDA": 0.12261348020010794,
        "loc": "basal"
    },
    "(23043, 131)": {
        "Use0_TM": 0.5299005489361882,
        "Dep_TM": 854.4926639778374,
        "Fac_TM": 0.0014557089808074732,
        "Nrrp_TM": 1.0,
        "gmax0_AMPA": 0.4880798347364952,
        "volume_CR": 0.018801190550008992,
        "rho0_GB": 0,
        "Use_d_TM": 0.5299005489361882,
        "Use_p_TM": 0.8807220586924701,
        "gmax_d_AMPA": 0.4880798347364952,
        "gmax_p_AMPA": 0.9761596694729904,
        "gmax_NMDA": 0.1952319338945981,
        "loc": "basal"
    },
    "(23043, 132)": {
        "Use0_TM": 0.17968700072369354,
        "Dep_TM": 738.0167287688311,
        "Fac_TM": 0.00612494659463055,
        "Nrrp_TM": 1.0,
        "gmax0_AMPA": 0.1963486895089629,
        "volume_CR": 0.013156368434692546,
        "rho0_GB": 1,
        "Use_d_TM": 0.00018731963299765356,
        "Use_p_TM": 0.17968700072369354,
        "gmax_d_AMPA": 0.09817434475448145,
        "gmax_p_AMPA": 0.1963486895089629,
        "gmax_NMDA": 0.07853947580358517,
        "loc": "basal"
    },
    "(23043, 133)": {
        "Use0_TM": 0.17680797777077525,
        "Dep_TM": 527.9103115094156,
        "Fac_TM": 108.94782576994095,
        "Nrrp_TM": 1.0,
        "gmax0_AMPA": 0.4667323244402633,
        "volume_CR": 0.020777083427644994,
        "rho0_GB": 1,
        "Use_d_TM": 0.0001727862920260899,
        "Use_p_TM": 0.17680797777077525,
        "gmax_d_AMPA": 0.23336616222013165,
        "gmax_p_AMPA": 0.4667323244402633,
        "gmax_NMDA": 0.18669292977610533,
        "loc": "basal"
    },
    "(23043, 134)": {
        "Use0_TM": 0.8900351675672107,
        "Dep_TM": 712.6772481973906,
        "Fac_TM": 0.007430090786469489,
        "Nrrp_TM": 2.0,
        "gmax0_AMPA": 1.5501355048394492,
        "volume_CR": 0.12786371464225652,
        "rho0_GB": 1,
        "Use_d_TM": 0.5585162782179693,
        "Use_p_TM": 0.8900351675672107,
        "gmax_d_AMPA": 0.7750677524197246,
        "gmax_p_AMPA": 1.5501355048394492,
        "gmax_NMDA": 0.6200542019357798,
        "loc": "basal"
    },
    "(23043, 135)": {
        "Use0_TM": 0.47251989407144845,
        "Dep_TM": 853.4121923924151,
        "Fac_TM": 36.738462253557394,
        "Nrrp_TM": 1.0,
        "gmax0_AMPA": 0.6632774087365554,
        "volume_CR": 0.06271283649443816,
        "rho0_GB": 1,
        "Use_d_TM": 0.02355594272367894,
        "Use_p_TM": 0.47251989407144845,
        "gmax_d_AMPA": 0.3316387043682777,
        "gmax_p_AMPA": 0.6632774087365554,
        "gmax_NMDA": 0.2653109634946222,
        "loc": "basal"
    },
    "(23043, 136)": {
        "Use0_TM": 0.4852648135243457,
        "Dep_TM": 561.4887251313036,
        "Fac_TM": 6.778679792966551e-06,
        "Nrrp_TM": 1.0,
        "gmax0_AMPA": 0.6336317851716752,
        "volume_CR": 0.0772295377920079,
        "rho0_GB": 1,
        "Use_d_TM": 0.026908780071275666,
        "Use_p_TM": 0.4852648135243457,
        "gmax_d_AMPA": 0.3168158925858376,
        "gmax_p_AMPA": 0.6336317851716752,
        "gmax_NMDA": 0.2534527140686701,
        "loc": "basal"
    },
    "(23043, 137)": {
        "Use0_TM": 0.29150848604364776,
        "Dep_TM": 683.2853241439892,
        "Fac_TM": 8.229300540314929,
        "Nrrp_TM": 1.0,
        "gmax0_AMPA": 0.31712038358790845,
        "volume_CR": 0.028608529150932396,
        "rho0_GB": 1,
        "Use_d_TM": 0.002105018949255813,
        "Use_p_TM": 0.29150848604364776,
        "gmax_d_AMPA": 0.15856019179395422,
        "gmax_p_AMPA": 0.31712038358790845,
        "gmax_NMDA": 0.1268481534351634,
        "loc": "basal"
    },
    "(23043, 138)": {
        "Use0_TM": 0.8825079744916201,
        "Dep_TM": 493.2682530806548,
        "Fac_TM": 0.00037379673066500297,
        "Nrrp_TM": 2.0,
        "gmax0_AMPA": 1.695308914473153,
        "volume_CR": 0.10978988128190606,
        "rho0_GB": 1,
        "Use_d_TM": 0.5352950066168888,
        "Use_p_TM": 0.8825079744916201,
        "gmax_d_AMPA": 0.8476544572365765,
        "gmax_p_AMPA": 1.695308914473153,
        "gmax_NMDA": 0.6781235657892613,
        "loc": "basal"
    },
    "(23043, 139)": {
        "Use0_TM": 0.5924875723010554,
        "Dep_TM": 765.5798583198618,
        "Fac_TM": 0.33113340494506316,
        "Nrrp_TM": 1.0,
        "gmax0_AMPA": 0.5849327277861888,
        "volume_CR": 0.027844076728395,
        "rho0_GB": 0,
        "Use_d_TM": 0.5924875723010554,
        "Use_p_TM": 0.9006081008183693,
        "gmax_d_AMPA": 0.5849327277861888,
        "gmax_p_AMPA": 1.1698654555723775,
        "gmax_NMDA": 0.2339730911144755,
        "loc": "basal"
    },
    "(23043, 140)": {
        "Use0_TM": 0.3951406114779879,
        "Dep_TM": 492.89292383631124,
        "Fac_TM": 0.24397869764035476,
        "Nrrp_TM": 1.0,
        "gmax0_AMPA": 0.4567069309389897,
        "volume_CR": 0.04128337398450245,
        "rho0_GB": 1,
        "Use_d_TM": 0.009632928525346873,
        "Use_p_TM": 0.3951406114779879,
        "gmax_d_AMPA": 0.22835346546949484,
        "gmax_p_AMPA": 0.4567069309389897,
        "gmax_NMDA": 0.18268277237559588,
        "loc": "basal"
    },
    "(23043, 141)": {
        "Use0_TM": 0.6499375161163518,
        "Dep_TM": 676.8074536493905,
        "Fac_TM": 0.001027327495044633,
        "Nrrp_TM": 1.0,
        "gmax0_AMPA": 1.1675321277345159,
        "volume_CR": 0.07657735850651413,
        "rho0_GB": 1,
        "Use_d_TM": 0.11597330440219926,
        "Use_p_TM": 0.6499375161163518,
        "gmax_d_AMPA": 0.5837660638672579,
        "gmax_p_AMPA": 1.1675321277345159,
        "gmax_NMDA": 0.46701285109380636,
        "loc": "basal"
    },
    "(23043, 142)": {
        "Use0_TM": 0.47035231468463967,
        "Dep_TM": 813.4272359325345,
        "Fac_TM": 0.013284915939685097,
        "Nrrp_TM": 1.0,
        "gmax0_AMPA": 0.9089683935125547,
        "volume_CR": 0.059054935760961845,
        "rho0_GB": 1,
        "Use_d_TM": 0.023020588831231596,
        "Use_p_TM": 0.47035231468463967,
        "gmax_d_AMPA": 0.4544841967562773,
        "gmax_p_AMPA": 0.9089683935125547,
        "gmax_NMDA": 0.3635873574050219,
        "loc": "apical"
    },
    "(23043, 143)": {
        "Use0_TM": 0.9141935509727912,
        "Dep_TM": 454.7759899143062,
        "Fac_TM": 1.6001652716930583,
        "Nrrp_TM": 1.0,
        "gmax0_AMPA": 1.0004979519134365,
        "volume_CR": 0.0445182516084307,
        "rho0_GB": 1,
        "Use_d_TM": 0.6385439089445005,
        "Use_p_TM": 0.9141935509727912,