{
    "(111376, 1171)": {
        "Use0_TM": 0.8239605625875371,
        "Dep_TM": 889.6403198165542,
        "Fac_TM": 42.96107397508283,
        "Nrrp_TM": 1.0,
        "gmax0_AMPA": 0.3865103996929701,
        "volume_CR": 0.03372684316928495,
        "rho0_GB": 0,
        "Use_d_TM": 0.8239605625875371,
        "Use_p_TM": 0.9620137625525336,
        "gmax_d_AMPA": 0.3865103996929701,
        "gmax_p_AMPA": 0.7730207993859401,
        "gmax_NMDA": 0.33239894373595424,
        "loc": "basal"
    },
    "(111376, 1172)": {
        "Use0_TM": 0.8192068507013495,
        "Dep_TM": 543.9948983433162,
        "Fac_TM": 0.9542189192907461,
        "Nrrp_TM": 1.0,
        "gmax0_AMPA": 0.4157945417942959,
        "volume_CR": 0.053355850956262885,
        "rho0_GB": 0,
        "Use_d_TM": 0.8192068507013495,
        "Use_p_TM": 0.9609011543174215,
        "gmax_d_AMPA": 0.4157945417942959,
        "gmax_p_AMPA": 0.8315890835885918,
        "gmax_NMDA": 0.3575833059430945,
        "loc": "basal"
    },
    "(111376, 1173)": {
        "Use0_TM": 0.9294179620468408,
        "Dep_TM": 513.9383358124195,
        "Fac_TM": 0.03518051008160847,
        "Nrrp_TM": 1.0,
        "gmax0_AMPA": 0.7625554494442229,
        "volume_CR": 0.06207297167037365,
        "rho0_GB": 1,
        "Use_d_TM": 0.6935141191969346,
        "Use_p_TM": 0.9294179620468408,
        "gmax_d_AMPA": 0.38127772472211147,
        "gmax_p_AMPA": 0.7625554494442229,
        "gmax_NMDA": 0.6557976865220317,
        "loc": "basal"
    }
}