{
    "Cpost": [
        0.0132951761734736,
        0.00016370658918523677,
        0.0002510565698899145
    ],
    "Cpre": [
        0.07365765664151952,
        0.053606471447921016,
        0.07977577300720597
    ],
    "Dep_TM": [
        889.6403198165542,
        543.9948983433162,
        513.9383358124195
    ],
    "Fac_TM": [
        42.96107397508283,
        0.9542189192907461,
        0.03518051008160847
    ],
    "Nrrp_TM": [
        1.0,
        1.0,
        1.0
    ],
    "Use0_TM": [
        0.8239605625875369,
        0.8192068507013495,
        0.9294179620468407
    ],
    "gamma_d_GB": 101.5387594661,
    "gamma_p_GB": 216.1841700668,
    "gmax0_AMPA": [
        0.38651039969297035,
        0.4157945417942958,
        0.7625554494442229
    ],
    "gmax_NMDA": [
        0.3323989437359545,
        0.3575833059430944,
        0.6557976865220317
    ],
    "loc": [
        "basal",
        "basal",
        "basal"
    ],
    "synapseID": [
        1171.0,
        1172.0,
        1173.0
    ],
    "tau_exp_GB": 100.0,
    "theta_d_GB": [
        0.09976385695230855,
        0.054023307293048994,
        0.08041061746660062
    ],
    "theta_p_GB": [
        0.11840690957793075,
        0.06255709913080508,
        0.0931143207627084
    ],
    "volume_CR": [
        0.03372684316928491,
        0.05335585095626289,
        0.06207297167037368
    ]
}