{
    "Cpost": [
        0.00043617014382269696,
        0.0002891801054901393,
        3.7317974444293846e-05,
        3.875578742847028e-05,
        4.577704125428753e-05,
        0.0004199425573034505,
        0.00023061879278417545,
        0.003169703122565538,
        0.00014602425598116538,
        3.504934610950161e-05,
        2.1909681184450416e-05,
        3.725663219306242e-05,
        4.2418601881534656e-05,
        4.0616769450928e-05,
        2.5536842262430605e-05,
        0.004262070762186825,
        0.05822257372840514,
        0.00038792513449302073,
        0.0004316033468889855,
        0.00034029452513664504,
        4.105025667478204e-05
    ],
    "Cpre": [
        0.0319652829154069,
        0.02780841896874961,
        0.19737647913061462,
        0.3267022546431743,
        0.027193442130440254,
        0.04244003192891789,
        0.02290271108603961,
        0.019127159854787145,
        0.015553073121124333,
        0.08617361091136742,
        0.15242766110115336,
        0.10604848191482459,
        0.029566630205877468,
        0.03438549183554067,
        0.02789956862391992,
        0.04062737042699895,
        0.0820330957141519,
        0.018667304749606036,
        0.027561989563851617,
        0.032144267858785935,
        0.025200272323839052
    ],
    "Dep_TM": [
        588.4023768564929,
        669.9059497952062,
        659.0151382600839,
        854.4926639778374,
        738.0167287688311,
        527.9103115094156,
        712.6772481973906,
        853.4121923924151,
        561.4887251313036,
        683.2853241439892,
        493.2682530806548,
        765.5798583198618,
        492.89292383631124,
        676.8074536493905,
        813.4272359325345,
        454.7759899143062,
        424.1680267581845,
        787.3874796667827,
        746.3563232278639,
        517.8496524417388,
        840.7279466554587
    ],
    "Fac_TM": [
        15.902981159449265,
        11.520579727835159,
        6.842709907275529e-09,
        0.0014557089808074732,
        0.00612494659463055,
        108.94782576994095,
        0.007430090786469489,
        36.738462253557394,
        6.778679792966551e-06,
        8.229300540314929,
        0.00037379673066500297,
        0.33113340494506316,
        0.24397869764035476,
        0.001027327495044633,
        0.013284915939685097,
        1.6001652716930583,
        0.18229422163772416,
        0.0014924540090274403,
        6.917371479520256,
        0.2708866604380236,
        3.0102192398705983
    ],
    "Nrrp_TM": [
        1.0,
        1.0,
        1.0,
        1.0,
        1.0,
        1.0,
        2.0,
        1.0,
        1.0,
        1.0,
        2.0,
        1.0,
        1.0,
        1.0,
        1.0,
        1.0,
        1.0,
        1.0,
        1.0,
        1.0,
        1.0
    ],
    "Use0_TM": [
        0.3236144658184057,
        0.531648794699336,
        0.22858402789272764,
        0.5299005489361882,
        0.17968700072369354,
        0.17680797777077514,
        0.8900351675672107,
        0.47251989407144857,
        0.4852648135243458,
        0.2915084860436478,
        0.8825079744916201,
        0.5924875723010554,
        0.39514061147798785,
        0.6499375161163518,
        0.47035231468463967,
        0.9141935509727912,
        0.2112154320669356,
        0.30234897561711155,
        0.13647828120629044,
        0.6035252611277627,
        0.7801132491756262
    ],
    "gamma_d_GB": 101.5387594661,
    "gamma_p_GB": 216.1841700668,
    "gmax0_AMPA": [
        0.31320690509996674,
        0.9487356141313176,
        0.3065337005002698,
        0.4880798347364955,
        0.19634868950896292,
        0.4667323244402636,
        1.5501355048394492,
        0.6632774087365553,
        0.6336317851716752,
        0.31712038358790845,
        1.695308914473153,
        0.584932727786189,
        0.4567069309389899,
        1.1675321277345159,
        0.9089683935125557,
        1.0004979519134374,
        0.1975776888572651,
        0.6210010190974283,
        0.2187029711174644,
        0.5251300070011468,
        1.3530983356806912
    ],
    "gmax_NMDA": [
        0.1252827620399867,
        0.37949424565252704,
        0.12261348020010793,
        0.19523193389459823,
        0.07853947580358517,
        0.18669292977610544,
        0.6200542019357798,
        0.26531096349462213,
        0.2534527140686701,
        0.1268481534351634,
        0.6781235657892613,
        0.23397309111447562,
        0.18268277237559596,
        0.46701285109380636,
        0.3635873574050223,
        0.400199180765375,
        0.07903107554290605,
        0.24840040763897134,
        0.08748118844698577,
        0.21005200280045871,
        0.5412393342722764
    ],
    "loc": [
        "basal",
        "basal",
        "basal",
        "basal",
        "basal",
        "basal",
        "basal",
        "basal",
        "basal",
        "basal",
        "basal",
        "basal",
        "basal",
        "basal",
        "apical",
        "basal",
        "apical",
        "basal",
        "basal",
        "basal",
        "basal"
    ],
    "synapseID": [
        128.0,
        129.0,
        130.0,
        131.0,
        132.0,
        133.0,
        134.0,
        135.0,
        136.0,
        137.0,
        138.0,
        139.0,
        140.0,
        141.0,
        142.0,
        143.0,
        144.0,
        145.0,
        146.0,
        147.0,
        148.0
    ],
    "tau_exp_GB": 100.0,
    "theta_d_GB": [
        0.03287522206443138,
        0.0284236809504488,
        0.19780662598090293,
        0.3273692851727163,
        0.027332089299633013,
        0.04333722846988378,
        0.023394691064929432,
        0.025353974599267762,
        0.01586649029123309,
        0.08639805282358584,
        0.15274635129030661,
        0.10631320866111056,
        0.02970301185467083,
        0.034527075462023805,
        0.03149811972803316,
        0.049027102053345026,
        0.23542247758145088,
        0.019458925684933962,
        0.028455037418646693,
        0.032867232490706076,
        0.025326077887557228
    ],
    "theta_p_GB": [
        0.038143055825436596,
        0.032958695648737796,
        0.22892838928411108,
        0.37887059013130414,
        0.0316413799421044,
        0.05024705457656171,
        0.02712568575475349,
        0.03004549961400238,
        0.018394579823930318,
        0.09999558995569383,
        0.1767770555506381,
        0.1230437385131561,
        0.034384485184032726,
        0.03996693743870535,
        0.14611827186572524,
        0.05768468874789001,
        0.5332632239513668,
        0.022605769584911416,
        0.033026596065421195,
        0.038112529302046616,
        0.029318789024313844
    ],
    "volume_CR": [
        0.018514608841366458,
        0.06445764928628753,
        0.021408628106600006,
        0.01880119055000899,
        0.013156368434692546,
        0.02077708342764498,
        0.12786371464225652,
        0.06271283649443816,
        0.0772295377920079,
        0.028608529150932385,
        0.10978988128190602,
        0.02784407672839501,
        0.041283373984502436,
        0.07657735850651413,
        0.059054935760961894,
        0.04451825160843072,
        0.0043475871316233485,
        0.06281788843884056,
        0.01566861430914478,
        0.03225187382283727,
        0.10162881769898918
    ]
}