{
    "cADpyr_L5TPC": {
        "branch": "20171031234538",
        "githash": "a6e707a",
        "seed": "1",
        "rank": 0,
        "notes": "",
        "params": {"gSK_E2bar_SK_E2.somatic": 0.020239349931865241, "gK_Tstbar_K_Tst.somatic": 0.013153142654420691, "gamma_CaDynamics_DC0.axonal": 0.012752321129750291, "gamma_CaDynamics_DC0.apical": 0.04517010601950254, "gCa_LVAstbar_Ca_LVAst.somatic": 0.00021537640631977598, "gNaTgbar_NaTg.apical": 0.081013620392016858, "gNaTgbar_NaTg.axonal": 0.33556102181366648, "gCa_HVAbar_Ca_HVA2.apical": 3.4636229677800608e-06, "gCa_LVAstbar_Ca_LVAst.basal": 0.00074352999455036864, "gK_Tstbar_K_Tst.axonal": 0.064027490811985444, "gCa_LVAstbar_Ca_LVAst.apical": 0.00098549473641638421, "gCa_LVAstbar_Ca_LVAst.axonal": 0.0009394854482623271, "gSK_E2bar_SK_E2.axonal": 0.096808660670667457, "gNaTgbar_NaTg.somatic": 0.28992456437225478, "gamma_CaDynamics_DC0.somatic": 0.022091065777470664, "gSKv3_1bar_SKv3_1.somatic": 0.38829177538605941, "gamma_CaDynamics_DC0.basal": 0.048834292167029961, "g_pas.all": 4.7051946481499811e-05, "gK_Pstbar_K_Pst.somatic": 0.10031922891367806, "gCa_HVAbar_Ca_HVA2.somatic": 0.00083534595739915185, "gCa_HVAbar_Ca_HVA2.basal": 7.4498164370347347e-05, "gK_Pstbar_K_Pst.axonal": 0.99801140749927841, "constant.distribution_decay": -0.0045325248607678403, "gCa_HVAbar_Ca_HVA2.axonal": 0.00050971480143243212, "decay_CaDynamics_DC0.axonal": 285.46128321068517, "e_pas.all": -79.603749561469684, "gNap_Et2bar_Nap_Et2.axonal": 0.0050542837974557036, "gIhbar_Ih.somadend": 2.6113487420290699e-05, "decay_CaDynamics_DC0.somatic": 282.09663415587323, "gSKv3_1bar_SKv3_1.apical": 0.0018178286052065377, "gSKv3_1bar_SKv3_1.axonal": 0.21965904565617991},
        "fitness": {"L5TPCa.Step_280.soma.v.inv_fourth_ISI": 2.2675851102361246, "L5TPCa.Step_200.soma.v.time_to_last_spike": 0.87128634845051334, "L5TPCa.Step_200.soma.v.inv_third_ISI": 0.86916865421848744, "L5TPCa.Step_280.soma.v.mean_frequency": 1.6408640157678374, "L5TPCa.Step_200.soma.v.inv_fourth_ISI": 0.64567211124547941, "L5TPCa.Step_280.soma.v.inv_first_ISI": 0.60705092350844381, "L5TPCa.Step_200.soma.v.inv_second_ISI": 0.96283300999756982, "L5TPCa.Step_280.soma.v.inv_time_to_first_spike": 1.0899431392939118, "L5TPCa.bAP.dend2.v.maximum_voltage_from_voltagebase": 0.39809141782709462, "L5TPCa.Step_200.soma.v.voltage_after_stim": 1.7513123229017422, "L5TPCa.Step_280.soma.v.voltage_after_stim": 2.2736729743059088, "L5TPCa.Step_200.soma.v.AHP_depth": 1.2831500440451833, "L5TPCa.Step_150.soma.v.AP_amplitude": 0.37075343681783868, "L5TPCa.APWaveform_320.soma.v.AP_duration_half_width": 1.7005227781919592, "L5TPCa.Step_200.soma.v.voltage_base": 0.010021828911799121, "L5TPCa.bAP.dend1.v.maximum_voltage_from_voltagebase": 1.444384391985152, "L5TPCa.Step_280.soma.v.inv_second_ISI": 1.8858832135648709, "L5TPCa.APWaveform_320.soma.v.AP_amplitude": 3.4950930711664072, "L5TPCa.Step_150.soma.v.inv_second_ISI": 0.082227248428682606, "L5TPCa.bAP.ca_prox_apic.cai.maximum_voltage_from_voltagebase": 1.3198356653765824, "L5TPCa.Step_280.soma.v.APlast_amp": 0.0072969410514422128, "L5TPCa.APWaveform_320.soma.v.AP2_amp": 1.4375838199049249, "L5TPCa.SpikeRec_600.soma.v.Spikecount": 1.6841993637327679, "L5TPCa.SpikeRec_600.soma.v.decay_time_constant_after_stim": 1.0555693227276421, "L5TPCa.Step_200.soma.v.inv_time_to_first_spike": 1.1271176005302228, "L5TPCa.Step_150.soma.v.voltage_base": 0.14539966880263372, "L5TPCa.APWaveform_320.soma.v.AHP_depth": 1.3251719022584418, "L5TPCa.Step_280.soma.v.time_to_last_spike": 2.2350017209326714, "L5TPCa.RMP.soma.v.Spikecount": 0, "L5TPCa.bAP.ca_soma.cai.maximum_voltage_from_voltagebase": 0.9837707239430884, "L5TPCa.bAP.ca_ais.cai.maximum_voltage_from_voltagebase": 0.18209248267659586, "L5TPCa.Step_200.soma.v.APlast_amp": 0.37512357820337255, "L5TPCa.Step_280.soma.v.AP_amplitude": 0.41880785393974307, "L5TPCa.Step_150.soma.v.inv_fifth_ISI": 0.62147023330481832, "L5TPCa.Rin.soma.v.voltage_base": 0.070293280843703149, "L5TPCa.Step_280.soma.v.inv_third_ISI": 2.6066432022964463, "L5TPCa.RMP.soma.v.voltage_base": 0.030697957198886475, "L5TPCa.Step_150.soma.v.inv_time_to_first_spike": 1.0853530354359726, "L5TPCa.SpikeRec_600.soma.v.voltage_after_stim": 0.017544682079235697, "L5TPCa.Step_280.soma.v.inv_fifth_ISI": 2.0258466894725644, "L5TPCa.bAP.ca_prox_basal.cai.maximum_voltage_from_voltagebase": 2.3841191043595398, "L5TPCa.Step_200.soma.v.inv_fifth_ISI": 0.50065235014999943, "L5TPCa.IV_-100.soma.v.voltage_deflection": 0.84117395802081263, "L5TPCa.Step_150.soma.v.inv_fourth_ISI": 0.56815999409294693, "L5TPCa.Step_150.soma.v.AHP_depth": 1.0375113733060224, "L5TPCa.Step_280.soma.v.voltage_base": 0.24674081383020277, "L5TPCa.Step_150.soma.v.inv_first_ISI": 0.94741408785669012, "L5TPCa.Rin.soma.v.ohmic_input_resistance_vb_ssse": 0.96594487069033719, "L5TPCa.bAP.soma.v.Spikecount": 0, "L5TPCa.Step_150.soma.v.inv_third_ISI": 0.33916518505771803, "L5TPCa.IV_-100.soma.v.voltage_deflection_begin": 0.19334477900846461, "L5TPCa.Step_200.soma.v.AP_amplitude": 0.26072870843086055, "L5TPCa.Step_200.soma.v.mean_frequency": 0.36773463779328575, "L5TPCa.Step_150.soma.v.mean_frequency": 0.33918044873065323, "L5TPCa.APWaveform_320.soma.v.AP1_amp": 4.2582894433270999, "L5TPCa.Threshold.soma.v.bpo_threshold_current": 1.7716473377507613, "L5TPCa.Step_200.soma.v.inv_first_ISI": 0.09593360158387354, "L5TPCa.Step_280.soma.v.AHP_depth": 1.0686223794724139, "L5TPCa.Step_150.soma.v.APlast_amp": 0.095841515605931751, "L5TPCa.Step_150.soma.v.voltage_after_stim": 2.1652171483638227, "L5TPCa.RinHoldCurrent.soma.v.bpo_holding_current": 0.090913050015444405, "L5TPCa.Step_150.soma.v.time_to_last_spike": 0.65046704045472081},
        "score": 61.593137593478367,
        "morph_path": "morphologies/C060114A5.asc"
    }
}