{
    "Step_150": {
        "type": "StepProtocol",
        "stimuli": {
            "step": {
                "delay": 70.0,
                "amp": 0.2432578125,
                "duration": 200.0,
                "totduration": 300.0
            },
            "holding": {
                "delay": 0.0,
                "amp": -0.0673500459640763,
                "duration": 300.0,
                "totduration": 300.0
            }
        }
    },
    "Step_200": {
        "type": "StepProtocol",
        "stimuli": {
            "step": {
                "delay": 70.0,
                "amp": 0.32434375,
                "duration": 200.0,
                "totduration": 300.0
            },
            "holding": {
                "delay": 0.0,
                "amp": -0.0673500459640763,
                "duration": 300.0,
                "totduration": 300.0
            }
        }
    },
    "Step_250": {
        "type": "StepProtocol",
        "stimuli": {
            "step": {
                "delay": 70.0,
                "amp": 0.40542968749999997,
                "duration": 200.0,
                "totduration": 300.0
            },
            "holding": {
                "delay": 0.0,
                "amp": -0.0673500459640763,
                "duration": 300.0,
                "totduration": 300.0
            }
        }
    }
}