{
    "cADpyr_L3TPC": {
        "branch": "20171031234538",
        "githash": "a6e707a",
        "seed": "1",
        "rank": 0,
        "notes": "",
        "params": {
            "gSK_E2bar_SK_E2.somatic": 0.036681028365478235,
            "gK_Tstbar_K_Tst.somatic": 0.091086186469530553,
            "gamma_CaDynamics_DC0.axonal": 0.018546769711166471,
            "gamma_CaDynamics_DC0.apical": 0.029537268336509295,
            "gCa_LVAstbar_Ca_LVAst.somatic": 0.009665901159207858,
            "gNaTgbar_NaTg.apical": 0.052022860520171001,
            "gNaTgbar_NaTg.axonal": 0.50336691464984762,
            "gCa_HVAbar_Ca_HVA2.apical": 4.6873900981266763e-05,
            "gCa_LVAstbar_Ca_LVAst.basal": 0.00092804161622946568,
            "gK_Tstbar_K_Tst.axonal": 0.17737073968392286,
            "gCa_LVAstbar_Ca_LVAst.apical": 0.00052086643919353921,
            "gCa_LVAstbar_Ca_LVAst.axonal": 9.3494775139153991e-05,
            "gSK_E2bar_SK_E2.axonal": 0.0023197574626826201,
            "gNaTgbar_NaTg.somatic": 0.12193085527388209,
            "gamma_CaDynamics_DC0.somatic": 0.0098534737940365828,
            "gSKv3_1bar_SKv3_1.somatic": 0.4020186800225633,
            "gamma_CaDynamics_DC0.basal": 0.031641691066564205,
            "g_pas.all": 4.7256559490736926e-05,
            "gK_Pstbar_K_Pst.somatic": 0.092298266598908163,
            "gCa_HVAbar_Ca_HVA2.somatic": 0.00075852778479382254,
            "gCa_HVAbar_Ca_HVA2.basal": 3.3967715221668944e-06,
            "gK_Pstbar_K_Pst.axonal": 0.99936251289986022,
            "constant.distribution_decay": -0.0090563207715681875,
            "gCa_HVAbar_Ca_HVA2.axonal": 0.00051690974848627651,
            "decay_CaDynamics_DC0.axonal": 228.92559465498115,
            "e_pas.all": -86.294865300132145,
            "gNap_Et2bar_Nap_Et2.axonal": 0.01421050348977513,
            "gIhbar_Ih.somadend": 7.1989038687082744e-06,
            "decay_CaDynamics_DC0.somatic": 157.61704797069521,
            "gSKv3_1bar_SKv3_1.apical": 0.0011640909823500804,
            "gSKv3_1bar_SKv3_1.axonal": 0.75816144650360273
        },
        "fitness": {
            "_.Step_160.soma.v.mean_frequency": 0.52386529843264906,
            "_.Step_220.soma.v.inv_time_to_first_spike": 0.23066358306650442,
            "_.SpikeRec_all.soma.v.voltage_after_stim": 1.8517286335206253,
            "_.Step_280.soma.v.inv_second_ISI": 2.0616584628814429,
            "_.Step_160.soma.v.voltage_base": 0.51189632539195007,
            "_.Step_120.soma.v.mean_frequency": 0.34756797650324767,
            "_.Step_160.soma.v.AP_amplitude": 0.17337163398702843,
            "_.Step_120.soma.v.inv_third_ISI": 0.52402402234836132,
            "_.Step_120.soma.v.AHP_depth": 3.0059295085186721,
            "_.Step_160.soma.v.time_to_last_spike": 0.28863989955184061,
            "_.APWaveform_300.soma.v.AP2_amp": 1.2888748668374701,
            "_.Step_280.soma.v.inv_time_to_first_spike": 0.21988922271436909,
            "_.Step_280.soma.v.inv_third_ISI": 1.1216792762468883,
            "_.IV_-100.soma.v.voltage_deflection_begin": 0.64857473520632736,
            "_.Step_120.soma.v.APlast_amp": 0.087015131502517717,
            "_.Step_280.soma.v.inv_last_ISI": 3.3461431024459007,
            "_.Step_220.soma.v.inv_third_ISI": 0.52089677244016164,
            "_.Step_160.soma.v.voltage_after_stim": 0.54192844740907087,
            "_.Step_120.soma.v.time_to_last_spike": 0.72317011101328654,
            "_.Step_220.soma.v.AP_amplitude": 0.34281857131840082,
            "_.Step_160.soma.v.inv_fifth_ISI": 0.16519134116276657,
            "_.Step_280.soma.v.inv_first_ISI": 1.1002530556297494,
            "_.RMP.soma.v.voltage_base": 1.1581226172898171,
            "_.Step_220.soma.v.inv_fourth_ISI": 0.51526110875958286,
            "_.Step_120.soma.v.inv_time_to_first_spike": 0.35680741730657334,
            "_.Step_220.soma.v.APlast_amp": 0.055032709710160055,
            "_.Step_160.soma.v.inv_third_ISI": 0.093919354109513284,
            "_.RinHoldCurrent.soma.v.bpo_holding_current": 0.57442153117467687,
            "_.bAP.soma.v.Spikecount": 0,
            "_.bAP.dend1.v.maximum_voltage_from_voltagebase": 0.90807561292952454,
            "_.bAP.ca_prox_basal.cai.maximum_voltage_from_voltagebase": 5.553796599191835,
            "_.APWaveform_300.soma.v.AP_amplitude": 0.25566634242708508,
            "_.Step_120.soma.v.inv_fifth_ISI": 0.80559756047376563,
            "_.Step_280.soma.v.voltage_after_stim": 1.5151469931222905,
            "_.Step_120.soma.v.voltage_after_stim": 0.23285560377601039,
            "_.Step_280.soma.v.AP_amplitude": 0.16996759703259992,
            "_.Step_280.soma.v.inv_fourth_ISI": 0.23806960398975746,
            "_.APWaveform_300.soma.v.AP_duration_half_width": 0.45937499999915665,
            "_.Step_280.soma.v.APlast_amp": 0.32784235860758532,
            "_.Step_160.soma.v.inv_last_ISI": 0.80497130796075778,
            "_.Step_220.soma.v.inv_first_ISI": 0.62685902720985853,
            "_.SpikeRec_all.soma.v.decay_time_constant_after_stim": 0.92522311510703326,
            "_.APWaveform_300.soma.v.AHP_depth": 0.50589130697087792,
            "_.Step_220.soma.v.inv_last_ISI": 2.0630638072342782,
            "_.Step_280.soma.v.inv_fifth_ISI": 0.99933665277289374,
            "_.Step_160.soma.v.AHP_depth": 2.8377752654537169,
            "_.Step_280.soma.v.mean_frequency": 3.1672435753463093,
            "_.RMP.soma.v.Spikecount": 0,
            "_.Step_120.soma.v.inv_second_ISI": 0.3321357538945206,
            "_.Step_220.soma.v.AHP_depth": 1.7132220020198508,
            "_.Step_120.soma.v.inv_fourth_ISI": 0.65460940539863954,
            "_.Step_220.soma.v.voltage_base": 0.12302721486497123,
            "_.Step_120.soma.v.inv_last_ISI": 0.8390979922781524,
            "_.bAP.ca_prox_apic.cai.maximum_voltage_from_voltagebase": 0.8197797933776626,
            "_.Step_120.soma.v.AP_amplitude": 0.2630558105221022,
            "_.Step_160.soma.v.inv_first_ISI": 1.2162343790128971,
            "_.Threshold.soma.v.bpo_threshold_current": 0.26472141159251894,
            "_.bAP.ca_ais.cai.maximum_voltage_from_voltagebase": 2.9691261470592316,
            "_.Step_160.soma.v.inv_second_ISI": 0.1318168086187215,
            "_.Step_160.soma.v.inv_time_to_first_spike": 0.32341005669844863,
            "_.APWaveform_300.soma.v.AP1_amp": 1.4218002936789631,
            "_.Step_220.soma.v.mean_frequency": 1.8940651799369774,
            "_.Step_280.soma.v.time_to_last_spike": 1.0706701980138271,
            "_.Rin.soma.v.voltage_base": 1.6917903728120836,
            "_.Step_160.soma.v.APlast_amp": 0.3631704261130117,
            "_.Rin.soma.v.ohmic_input_resistance_vb_ssse": 0.11777863877830302,
            "_.Step_120.soma.v.voltage_base": 0.60151522797672596,
            "_.Step_120.soma.v.inv_first_ISI": 0.85405365126454735,
            "_.bAP.ca_soma.cai.maximum_voltage_from_voltagebase": 0.10988576462072989,
            "_.Step_220.soma.v.voltage_after_stim": 1.6482619922531507,
            "_.Step_220.soma.v.inv_second_ISI": 1.1057246192366494,
            "_.Step_280.soma.v.voltage_base": 0.042388529651507856,
            "_.Step_160.soma.v.inv_fourth_ISI": 0.037966389717829972,
            "_.Step_220.soma.v.inv_fifth_ISI": 0.72624849289784343,
            "_.IV_-100.soma.v.voltage_deflection": 0.71620201676355566,
            "_.Step_220.soma.v.time_to_last_spike": 0.94927575012473109,
            "_.Step_280.soma.v.AHP_depth": 2.0034705521163896
        },
        "score": 69.780606917379416,
        "morph_path": "morphologies/mtC120800E_idB.asc"
    }
}