{"dNAD_ltb": {"branch": "20190401090619", "githash": "56e419a", "seed": 3, "rank": 0, "notes": "", "params": {"gSK_E2bar_SK_E2.somatic": 0.0010659025830011457, "gk_max_TC_iA.somatic": 0.0540884121659581, "gk_max_TC_HH.axonal": 0.06934282574181186, "gk_max_TC_HH.alldend": 0.008361997068999883, "pcabar_TC_iL.somatic": 0.0006170322150514809, "taur_TC_cad.alldend": 2.5118101875379377, "gSK_E2bar_SK_E2.alldend": 9.532467166022395e-06, "gna_max_TC_HH.alldend": 0.005580329114224054, "gh_max_TC_ih_Bud97.alldend": 2.0165779044625424e-05, "gNap_Et2bar_TC_Nap_Et2.somatic": 7.859901648757649e-05, "pcabar_TC_iL.alldend": 0.00037301766087880514, "gamma_TC_cad.somatic": 0.15947887163203583, "gNap_Et2bar_TC_Nap_Et2.alldend": 1.2706604966523476e-05, "gna_max_TC_HH.somatic": 0.0013539913679768002, "taur_TC_cad.somatic": 1.748625747449908, "gamma_TC_cad.alldend": 0.004289222468932933, "gk_max_TC_HH.somatic": 0.1437659506031087, "gh_max_TC_ih_Bud97.somatic": 8.808470476127367e-06, "g_pas.all": 4.249559213272624e-05, "gna_max_TC_HH.axonal": 0.11196177921095034, "gk_max_TC_iA.alldend": 0.0013479764309353675, "pcabar_TC_iT_Des98.somadend": 7.39199155094216e-05}, "fitness": {".Step_200.soma.v.AHP_depth": 1.9119574652769629, ".Step_150.soma.v.time_to_first_spike": 3.103231438512784, ".Step_200_hyp.soma.v.Spikecount": 0.1955784302257574, ".RMP.soma.v.Spikecount_stimint": 0, ".Step_200.soma.v.AP_duration_half_width": 0.34736951548704625, ".Step_150.soma.v.inv_last_ISI": 0.208977521542326, ".Step_150.soma.v.inv_second_ISI": 0.2998881295189062, ".Step_250.soma.v.adaptation_index2": 3.684080827671231, ".Step_200.soma.v.adaptation_index2": 1.1605599671203428, ".hold_dep.soma.v.Spikecount_stimint": 0, ".Step_150.soma.v.Spikecount": 0.6537682646639486, ".Step_200.soma.v.voltage_base": 0.23516262752251751, ".Step_200.soma.v.AP_amplitude": 0.8555164486612489, ".Step_250.soma.v.AP_duration_half_width": 0.9457627118696488, ".Step_200_hyp.soma.v.voltage_after_stim": 0.715546690414732, ".Step_250.soma.v.inv_second_ISI": 0.1741520713798844, ".Rin_dep.soma.v.ohmic_input_resistance_vb_ssse": 0.9974761238111336, ".Step_200.soma.v.time_to_first_spike": 2.0038019967906835, ".Step_200.soma.v.inv_last_ISI": 0.10606493763927498, ".Step_250.soma.v.AP_amplitude": 0.6873769491964952, ".Step_150.soma.v.adaptation_index2": 0.23899760150648194, ".IV_-140.soma.v.sag_amplitude": 0.96188663060864, ".Step_150.soma.v.AHP_depth": 2.2110368847708446, ".Step_200_hyp.soma.v.inv_first_ISI": 0.5682120275091371, ".Step_200_hyp.soma.v.inv_last_ISI": 0.3928543080676142, ".Step_250.soma.v.inv_last_ISI": 1.2701893838178402, ".Step_250.soma.v.Spikecount": 1.457142857142857, ".Step_150.soma.v.inv_first_ISI": 0.5987599872385918, ".Step_250.soma.v.inv_first_ISI": 0.0543058070855338, ".Step_200.soma.v.inv_first_ISI": 1.0339231903999768, ".Step_200_hyp.soma.v.inv_second_ISI": 0.34224557135638306, ".Step_150.soma.v.AP_amplitude": 0.7500147728200564, ".Step_250.soma.v.AHP_depth": 1.640205324337245, ".RMP.soma.v.steady_state_voltage_stimend": 1.2032725568965281, ".hold_hyp.soma.v.Spikecount_stimint": 0, ".Step_200_hyp.soma.v.time_to_first_spike": 1.2631863536238932, ".Step_200_hyp.soma.v.AP1_amp": 0.1197524513238244, ".Rin_dep.soma.v.voltage_base": 0.732764828024487, ".Step_200_hyp.soma.v.voltage_base": 0.3218757152293259, ".Step_200.soma.v.inv_second_ISI": 1.2338875962759095, ".Step_250.soma.v.time_to_first_spike": 4.18537859005367, ".Step_200_hyp.soma.v.AP2_amp": 3.3934448190425903, ".Step_150.soma.v.AP_duration_half_width": 0.1537071719757941, ".Step_200.soma.v.Spikecount": 0.3656434361776999}, "score": 42.77895998258984, "morph_path": "/gpfs/bbp.cscs.ch/project/proj55/data/morphologies/mouse/asc/jy180314_B_idA.asc"}}