{
    "cADpyr_L5TPC": {
        "branch": "20171031234538",
        "githash": "a6e707a",
        "seed": "1",
        "rank": 0,
        "notes": "",
        "params": {
            "gSK_E2bar_SK_E2.somatic": 0.02023934993186524,
            "gK_Tstbar_K_Tst.somatic": 0.01315314265442069,
            "gamma_CaDynamics_DC0.axonal": 0.01275232112975029,
            "gamma_CaDynamics_DC0.apical": 0.04517010601950254,
            "gCa_LVAstbar_Ca_LVAst.somatic": 0.00021537640631977598,
            "gNaTgbar_NaTg.apical": 0.08101362039201686,
            "gNaTgbar_NaTg.axonal": 0.3355610218136665,
            "gCa_HVAbar_Ca_HVA2.apical": 3.4636229677800608e-06,
            "gCa_LVAstbar_Ca_LVAst.basal": 0.0007435299945503686,
            "gK_Tstbar_K_Tst.axonal": 0.06402749081198544,
            "gCa_LVAstbar_Ca_LVAst.apical": 0.0009854947364163842,
            "gCa_LVAstbar_Ca_LVAst.axonal": 0.0009394854482623271,
            "gSK_E2bar_SK_E2.axonal": 0.09680866067066746,
            "gNaTgbar_NaTg.somatic": 0.2899245643722548,
            "gamma_CaDynamics_DC0.somatic": 0.022091065777470664,
            "gSKv3_1bar_SKv3_1.somatic": 0.3882917753860594,
            "gamma_CaDynamics_DC0.basal": 0.04883429216702996,
            "g_pas.all": 4.705194648149981e-05,
            "gK_Pstbar_K_Pst.somatic": 0.10031922891367806,
            "gCa_HVAbar_Ca_HVA2.somatic": 0.0008353459573991519,
            "gCa_HVAbar_Ca_HVA2.basal": 7.449816437034735e-05,
            "gK_Pstbar_K_Pst.axonal": 0.9980114074992784,
            "constant.distribution_decay": -0.00453252486076784,
            "gCa_HVAbar_Ca_HVA2.axonal": 0.0005097148014324321,
            "decay_CaDynamics_DC0.axonal": 285.46128321068517,
            "e_pas.all": -79.60374956146968,
            "gNap_Et2bar_Nap_Et2.axonal": 0.005054283797455704,
            "gIhbar_Ih.somadend": 2.61134874202907e-05,
            "decay_CaDynamics_DC0.somatic": 282.09663415587323,
            "gSKv3_1bar_SKv3_1.apical": 0.0018178286052065377,
            "gSKv3_1bar_SKv3_1.axonal": 0.2196590456561799
        },
        "fitness": {
            "L5TPCa.Step_280.soma.v.inv_fourth_ISI": 2.2675851102361246,
            "L5TPCa.Step_200.soma.v.time_to_last_spike": 0.8712863484505133,
            "L5TPCa.Step_200.soma.v.inv_third_ISI": 0.8691686542184874,
            "L5TPCa.Step_280.soma.v.mean_frequency": 1.6408640157678374,
            "L5TPCa.Step_200.soma.v.inv_fourth_ISI": 0.6456721112454794,
            "L5TPCa.Step_280.soma.v.inv_first_ISI": 0.6070509235084438,
            "L5TPCa.Step_200.soma.v.inv_second_ISI": 0.9628330099975698,
            "L5TPCa.Step_280.soma.v.inv_time_to_first_spike": 1.0899431392939118,
            "L5TPCa.bAP.dend2.v.maximum_voltage_from_voltagebase": 0.3980914178270946,
            "L5TPCa.Step_200.soma.v.voltage_after_stim": 1.7513123229017422,
            "L5TPCa.Step_280.soma.v.voltage_after_stim": 2.2736729743059088,
            "L5TPCa.Step_200.soma.v.AHP_depth": 1.2831500440451833,
            "L5TPCa.Step_150.soma.v.AP_amplitude": 0.3707534368178387,
            "L5TPCa.APWaveform_320.soma.v.AP_duration_half_width": 1.7005227781919592,
            "L5TPCa.Step_200.soma.v.voltage_base": 0.01002182891179912,
            "L5TPCa.bAP.dend1.v.maximum_voltage_from_voltagebase": 1.444384391985152,
            "L5TPCa.Step_280.soma.v.inv_second_ISI": 1.8858832135648709,
            "L5TPCa.APWaveform_320.soma.v.AP_amplitude": 3.495093071166407,
            "L5TPCa.Step_150.soma.v.inv_second_ISI": 0.0822272484286826,
            "L5TPCa.bAP.ca_prox_apic.cai.maximum_voltage_from_voltagebase": 1.3198356653765824,
            "L5TPCa.Step_280.soma.v.APlast_amp": 0.007296941051442213,
            "L5TPCa.APWaveform_320.soma.v.AP2_amp": 1.437583819904925,
            "L5TPCa.SpikeRec_600.soma.v.Spikecount": 1.684199363732768,
            "L5TPCa.SpikeRec_600.soma.v.decay_time_constant_after_stim": 1.0555693227276421,
            "L5TPCa.Step_200.soma.v.inv_time_to_first_spike": 1.1271176005302228,
            "L5TPCa.Step_150.soma.v.voltage_base": 0.14539966880263372,
            "L5TPCa.APWaveform_320.soma.v.AHP_depth": 1.3251719022584418,
            "L5TPCa.Step_280.soma.v.time_to_last_spike": 2.2350017209326714,
            "L5TPCa.RMP.soma.v.Spikecount": 0,
            "L5TPCa.bAP.ca_soma.cai.maximum_voltage_from_voltagebase": 0.9837707239430884,
            "L5TPCa.bAP.ca_ais.cai.maximum_voltage_from_voltagebase": 0.18209248267659586,
            "L5TPCa.Step_200.soma.v.APlast_amp": 0.37512357820337255,
            "L5TPCa.Step_280.soma.v.AP_amplitude": 0.41880785393974307,
            "L5TPCa.Step_150.soma.v.inv_fifth_ISI": 0.6214702333048183,
            "L5TPCa.Rin.soma.v.voltage_base": 0.07029328084370315,
            "L5TPCa.Step_280.soma.v.inv_third_ISI": 2.6066432022964463,
            "L5TPCa.RMP.soma.v.voltage_base": 0.030697957198886475,
            "L5TPCa.Step_150.soma.v.inv_time_to_first_spike": 1.0853530354359726,
            "L5TPCa.SpikeRec_600.soma.v.voltage_after_stim": 0.017544682079235697,
            "L5TPCa.Step_280.soma.v.inv_fifth_ISI": 2.0258466894725644,
            "L5TPCa.bAP.ca_prox_basal.cai.maximum_voltage_from_voltagebase": 2.3841191043595398,
            "L5TPCa.Step_200.soma.v.inv_fifth_ISI": 0.5006523501499994,
            "L5TPCa.IV_-100.soma.v.voltage_deflection": 0.8411739580208126,
            "L5TPCa.Step_150.soma.v.inv_fourth_ISI": 0.5681599940929469,
            "L5TPCa.Step_150.soma.v.AHP_depth": 1.0375113733060224,
            "L5TPCa.Step_280.soma.v.voltage_base": 0.24674081383020277,
            "L5TPCa.Step_150.soma.v.inv_first_ISI": 0.9474140878566901,
            "L5TPCa.Rin.soma.v.ohmic_input_resistance_vb_ssse": 0.9659448706903372,
            "L5TPCa.bAP.soma.v.Spikecount": 0,
            "L5TPCa.Step_150.soma.v.inv_third_ISI": 0.33916518505771803,
            "L5TPCa.IV_-100.soma.v.voltage_deflection_begin": 0.1933447790084646,
            "L5TPCa.Step_200.soma.v.AP_amplitude": 0.26072870843086055,
            "L5TPCa.Step_200.soma.v.mean_frequency": 0.36773463779328575,
            "L5TPCa.Step_150.soma.v.mean_frequency": 0.33918044873065323,
            "L5TPCa.APWaveform_320.soma.v.AP1_amp": 4.2582894433271,
            "L5TPCa.Threshold.soma.v.bpo_threshold_current": 1.7716473377507613,
            "L5TPCa.Step_200.soma.v.inv_first_ISI": 0.09593360158387354,
            "L5TPCa.Step_280.soma.v.AHP_depth": 1.068622379472414,
            "L5TPCa.Step_150.soma.v.APlast_amp": 0.09584151560593175,
            "L5TPCa.Step_150.soma.v.voltage_after_stim": 2.1652171483638227,
            "L5TPCa.RinHoldCurrent.soma.v.bpo_holding_current": 0.0909130500154444,
            "L5TPCa.Step_150.soma.v.time_to_last_spike": 0.6504670404547208
        },
        "score": 61.59313759347837,
        "morph_path": "morphologies/C060114A5.asc"
    }
}