{
    "cADpyr_L4UPC": {
        "branch": "20171031234538",
        "githash": "a6e707a",
        "seed": "1",
        "rank": 0,
        "notes": "",
        "params": {
            "gSK_E2bar_SK_E2.somatic": 0.04744649320402014,
            "gK_Tstbar_K_Tst.somatic": 0.048480249457250116,
            "gamma_CaDynamics_DC0.axonal": 0.006066564447498868,
            "gamma_CaDynamics_DC0.apical": 0.04584192466458166,
            "gCa_LVAstbar_Ca_LVAst.somatic": 0.0008142246925490421,
            "gNaTgbar_NaTg.apical": 0.032494878816301496,
            "gNaTgbar_NaTg.axonal": 0.5488045990951773,
            "gCa_HVAbar_Ca_HVA2.apical": 9.9851901361154e-05,
            "gCa_LVAstbar_Ca_LVAst.basal": 0.00040547637881543577,
            "gK_Tstbar_K_Tst.axonal": 0.1264690597663965,
            "gCa_LVAstbar_Ca_LVAst.apical": 0.000618710847764032,
            "gCa_LVAstbar_Ca_LVAst.axonal": 6.820048101828264e-05,
            "gSK_E2bar_SK_E2.axonal": 0.09256548389578868,
            "gNaTgbar_NaTg.somatic": 0.27437938752385277,
            "gamma_CaDynamics_DC0.somatic": 0.024956115964738925,
            "gSKv3_1bar_SKv3_1.somatic": 0.7746356029563832,
            "gamma_CaDynamics_DC0.basal": 0.03796101840190775,
            "g_pas.all": 2.9406907117360732e-05,
            "gK_Pstbar_K_Pst.somatic": 0.09036226430423475,
            "gCa_HVAbar_Ca_HVA2.somatic": 0.0004985149760289747,
            "gCa_HVAbar_Ca_HVA2.basal": 8.235267958517534e-05,
            "gK_Pstbar_K_Pst.axonal": 0.4457923968620447,
            "constant.distribution_decay": -0.0055559422855153305,
            "gCa_HVAbar_Ca_HVA2.axonal": 0.00043244966753905686,
            "decay_CaDynamics_DC0.axonal": 168.1952240651779,
            "e_pas.all": -83.86327277350318,
            "gNap_Et2bar_Nap_Et2.axonal": 0.010471296775854157,
            "gIhbar_Ih.somadend": 0.0001602015474778243,
            "decay_CaDynamics_DC0.somatic": 75.4739011304745,
            "gSKv3_1bar_SKv3_1.apical": 0.000919411698247354,
            "gSKv3_1bar_SKv3_1.axonal": 0.36354700442172927
        },
        "fitness": {
            "_.APWaveform_360.soma.v.AP1_amp": 0.4716044080457062,
            "_.Step_200.soma.v.APlast_amp": 0.023071604956951562,
            "_.SpikeRec_all.soma.v.voltage_after_stim": 1.604862218166235,
            "_.Step_280.soma.v.inv_second_ISI": 1.145201825885003,
            "_.Step_280.soma.v.inv_fifth_ISI": 0.9041239141982309,
            "_.Step_280.soma.v.voltage_after_stim": 2.1005528588256475,
            "_.Step_280.soma.v.inv_last_ISI": 0.11472914681904262,
            "_.Step_200.soma.v.voltage_base": 2.642359352466861,
            "_.APWaveform_360.soma.v.AP_amplitude": 2.408437172303876,
            "_.Step_280.soma.v.mean_frequency": 0.5072832970860884,
            "_.Step_280.soma.v.inv_third_ISI": 1.2012554118710783,
            "_.Step_200.soma.v.voltage_after_stim": 2.001936565533495,
            "_.IV_-100.soma.v.voltage_deflection_begin": 1.6390599425418655,
            "_.Step_140.soma.v.inv_first_ISI": 0.060806827655478915,
            "_.APWaveform_360.soma.v.AP_duration_half_width": 0.3178855901529279,
            "_.Step_200.soma.v.inv_fifth_ISI": 0.36806334221541476,
            "_.Step_200.soma.v.inv_third_ISI": 0.7379052995491718,
            "_.Step_280.soma.v.inv_first_ISI": 0.13292757336960978,
            "_.Step_140.soma.v.inv_third_ISI": 0.06683405967114625,
            "_.Step_200.soma.v.inv_first_ISI": 0.189515984250944,
            "_.Step_140.soma.v.inv_time_to_first_spike": 0.16517349572052292,
            "_.APWaveform_360.soma.v.AHP_depth": 0.4434336637083689,
            "_.RinHoldCurrent.soma.v.bpo_holding_current": 1.1902159163544517,
            "_.Step_140.soma.v.inv_second_ISI": 0.12459028529028007,
            "_.bAP.dend1.v.maximum_voltage_from_voltagebase": 0.6002072733124426,
            "_.bAP.ca_prox_basal.cai.maximum_voltage_from_voltagebase": 4.200408804664744,
            "_.bAP.soma.v.Spikecount": 0,
            "_.Step_140.soma.v.voltage_after_stim": 1.9994617502528271,
            "_.SpikeRec_all.soma.v.decay_time_constant_after_stim": 0.10085645832784906,
            "_.Step_280.soma.v.inv_fourth_ISI": 1.0352480907823978,
            "_.Step_280.soma.v.APlast_amp": 0.4408665388014826,
            "_.RMP.soma.v.voltage_base": 0.8558571622164975,
            "_.Step_200.soma.v.inv_last_ISI": 0.148898618240927,
            "_.Step_280.soma.v.AP_amplitude": 0.7221357352237405,
            "_.Step_140.soma.v.inv_last_ISI": 0.564711077569474,
            "_.Step_140.soma.v.mean_frequency": 0.34031595165904843,
            "_.Step_200.soma.v.inv_fourth_ISI": 0.45618073220749233,
            "_.APWaveform_360.soma.v.AP2_amp": 1.2849194517061855,
            "_.Step_140.soma.v.voltage_base": 4.375568090259795,
            "_.Step_280.soma.v.inv_time_to_first_spike": 0.31328662092696996,
            "_.RMP.soma.v.Spikecount": 0,
            "_.bAP.dend2.v.maximum_voltage_from_voltagebase": 1.8354820176163507,
            "_.Step_200.soma.v.AHP_depth": 1.7706451237580105,
            "_.Step_200.soma.v.time_to_last_spike": 0.3030673891317257,
            "_.Step_140.soma.v.inv_fifth_ISI": 0.3222416255390214,
            "_.Step_140.soma.v.inv_fourth_ISI": 0.15231148513553078,
            "_.Threshold.soma.v.bpo_threshold_current": 1.8441979824023498,
            "_.bAP.ca_ais.cai.maximum_voltage_from_voltagebase": 0.43976169498906315,
            "_.Step_140.soma.v.time_to_last_spike": 1.0762568166901403,
            "_.Step_280.soma.v.time_to_last_spike": 1.3924193627716406,
            "_.Rin.soma.v.voltage_base": 0.021978026342527206,
            "_.Step_140.soma.v.AHP_depth": 2.382999198629012,
            "_.Rin.soma.v.ohmic_input_resistance_vb_ssse": 1.7897747906413508,
            "_.Step_200.soma.v.inv_second_ISI": 0.8534171674336251,
            "_.Step_140.soma.v.APlast_amp": 0.16875107693399852,
            "_.Step_200.soma.v.AP_amplitude": 0.332682846893512,
            "_.bAP.ca_soma.cai.maximum_voltage_from_voltagebase": 0.9807106450572128,
            "_.bAP.ca_prox_apic.cai.maximum_voltage_from_voltagebase": 0.13171296795721368,
            "_.Step_280.soma.v.voltage_base": 1.5809652659088769,
            "_.Step_200.soma.v.mean_frequency": 0.25094333912746963,
            "_.IV_-100.soma.v.voltage_deflection": 2.0675387503551717,
            "_.Step_200.soma.v.inv_time_to_first_spike": 0.10353963362128259,
            "_.Step_140.soma.v.AP_amplitude": 0.057926903678711804,
            "_.Step_280.soma.v.AHP_depth": 1.1219910413575909
        },
        "score": 58.98206726476167,
        "morph_path": "morphologies/RatRH2_161012_neg04_15.asc"
    }
}