{
    "holding": -0.0699371509782054,
    "amps": [
        0.2728125,
        0.36375,
        0.4546875
    ]
}